suite,scenario,provider,iterations,throughput_fps,samples,mean_ms,median_ms,p95_ms,p99_ms,max_ms,wall_s,process_cpu_s,cpu_pct_one_core,cpu_pct_machine,rss_peak_mb,ort_intra_threads,concurrency,target_pps,recv_pps,send_pps,loss_pct_sent_minus_received,gap_loss_pct,frame_width,frame_height,line_loss_rate,input_payload_mb_s,producer_actual_fps,inference_actual_fps,mailbox_overwritten_frames,notes,brightness,denoise,detections_max,detections_mean,duplicates_or_reorder,flip_h,flip_v,gamma,gap_lost_packets,inferred_frames,inferred_lost_packets,input_shape,mailbox_sequence_gap_frames,min_ms,ort_inter_threads,p90_ms,packet_size_bytes,produced_frames,producer_mean_ms,producer_p95_ms,producer_target_fps,received_packets,recv_mbps_payload,rss_delta_mb,rss_end_mb,rss_start_mb,send_mbps_payload,sender_threads,sent_packets,sharpness,socket_recv_buffer_actual,socket_recv_buffer_requested,stdev_ms,worker_max_iterations,worker_min_iterations
onnx_runtime_only,intra_threads_1,CPUExecutionProvider,121,15.12211942556744,121,66.09022478603812,64.91170008666813,85.21799999289215,100.42147999629378,105.67090008407831,8.001523899845779,7.84375,98.02820185478893,4.455827357035861,99.0546875,1,,,,,,,,,,,,,,Precomputed NCHW float32 blob; measures model forward() only.,,,,,,,,,,,,"[1, 3, 416, 416]",,47.18900006264448,1,78.61939980648458,,,,,,,,0.26171875,99.0546875,98.79296875,,,,,,,11.123517722218043,,
onnx_runtime_only,intra_threads_2,CPUExecutionProvider,232,28.96606661503748,232,34.50338448325557,34.72905000671744,40.65001991111785,43.14420798793435,45.58459995314479,8.009371899999678,15.75,196.6446332701898,8.938392421372264,107.2890625,2,,,,,,,,,,,,,,Precomputed NCHW float32 blob; measures model forward() only.,,,,,,,,,,,,"[1, 3, 416, 416]",,23.58839986845851,1,39.52759008388967,,,,,,,,0.125,107.2890625,107.1640625,,,,,,,4.168087576398751,,
onnx_runtime_only,intra_threads_4,CPUExecutionProvider,402,50.16912423722938,402,19.918890786357224,19.666950101964176,22.288370097521693,23.53035312378779,26.39480005018413,8.012896499829367,31.546875,393.70126646053376,17.895512111842443,106.26953125,4,,,,,,,,,,,,,,Precomputed NCHW float32 blob; measures model forward() only.,,,,,,,,,,,,"[1, 3, 416, 416]",,17.384900012984872,1,21.57336981035769,,,,,,,,0.12890625,106.26953125,106.140625,,,,,,,1.2779102210824393,,
onnx_runtime_only,intra_threads_8,CPUExecutionProvider,443,55.295989633471365,443,18.06785124164857,18.07730016298592,19.586310139857233,20.287683960050344,20.866199862211943,8.011430900078267,63.3125,790.2770527469878,35.921684215772174,107.078125,8,,,,,,,,,,,,,,Precomputed NCHW float32 blob; measures model forward() only.,,,,,,,,,,,,"[1, 3, 416, 416]",,15.951599925756454,1,19.196460070088506,,,,,,,,0.078125,107.078125,107.0,,,,,,,0.8925889838876352,,
onnx_runtime_only,intra_threads_12,CPUExecutionProvider,460,57.45793504652036,460,17.387876741122454,17.347549903206527,18.6881301458925,19.141940141562372,19.371100002899766,8.005856799893081,94.578125,1181.361687624279,53.69825852837632,109.375,12,,,,,,,,,,,,,,Precomputed NCHW float32 blob; measures model forward() only.,,,,,,,,,,,,"[1, 3, 416, 416]",,14.722400112077594,1,18.388009862974286,,,,,,,,0.10546875,109.375,109.26953125,,,,,,,0.7441888615493525,,
onnx_runtime_only,intra_threads_16,CPUExecutionProvider,427,53.337383809267564,427,18.73034684137993,18.60589999705553,20.663370145484805,22.51846206374467,26.935199974104762,8.005642000120133,123.609375,1544.028261545359,70.18310279751633,110.40234375,16,,,,,,,,,,,,,,Precomputed NCHW float32 blob; measures model forward() only.,,,,,,,,,,,,"[1, 3, 416, 416]",,16.202100086957216,1,20.12317990884185,,,,,,,,0.07421875,110.40234375,110.328125,,,,,,,1.2209709040382226,,
onnx_runtime_only,intra_threads_22,CPUExecutionProvider,146,18.079631340012465,146,55.270284923010394,51.895500044338405,99.11047504283488,111.29032003227624,118.96219989284873,8.075385899981484,142.8125,1768.4913361270756,80.38596982395798,111.84765625,22,,,,,,,,,,,,,,Precomputed NCHW float32 blob; measures model forward() only.,,,,,,,,,,,,"[1, 3, 416, 416]",,19.212600076571107,1,90.84830002393574,,,,,,,,0.015625,111.83984375,111.82421875,,,,,,,23.427741205783306,,
onnx_full_pipeline,intra_threads_1,CPUExecutionProvider,117,14.527496708530125,117,68.80274186961545,69.0401999745518,85.64526010304687,90.58400402776898,98.11490005813539,8.053693099878728,7.859375,97.58721747316577,4.4357826124166255,105.203125,1,,,,,,,,,,,,,,Pillow resize + NCHW conversion + ONNX Runtime CPU + current YOLO decode/NMS semantics.,,,2,2.0,,,,,,,,"[1, 3, 416, 416]",,47.33190010301769,1,81.55827997252345,,,,,,,,0.1171875,105.203125,105.0859375,,,,,,,10.55926474254122,,
onnx_full_pipeline,intra_threads_2,CPUExecutionProvider,231,28.797857738710896,231,34.708593937757854,33.89329998753965,41.33650008589029,44.84758998733014,51.76450009457767,8.021429999964312,15.875,197.90735567187681,8.995788894176219,107.08203125,2,,,,,,,,,,,,,,Pillow resize + NCHW conversion + ONNX Runtime CPU + current YOLO decode/NMS semantics.,,,2,2.0,,,,,,,,"[1, 3, 416, 416]",,30.04530002363026,1,38.871899945661426,,,,,,,,0.07421875,107.08203125,107.0078125,,,,,,,3.0600160030958232,,
onnx_full_pipeline,intra_threads_4,CPUExecutionProvider,306,38.12661369991187,306,26.21571078905653,26.01925004273653,28.260675026103854,29.53132515540346,32.40470006130636,8.025889799930155,31.515625,392.67452937460297,17.848842244300133,107.80859375,4,,,,,,,,,,,,,,Pillow resize + NCHW conversion + ONNX Runtime CPU + current YOLO decode/NMS semantics.,,,2,2.0,,,,,,,,"[1, 3, 416, 416]",,22.81360002234578,1,27.60230004787445,,,,,,,,0.0859375,107.80859375,107.72265625,,,,,,,1.1208541634458997,,
onnx_full_pipeline,intra_threads_8,CPUExecutionProvider,303,37.84735770966058,303,26.407206930502905,26.063399855047464,29.375410079956055,32.03718998935074,35.87440005503595,8.005842899903655,62.890625,785.5590696234727,35.70723043743058,108.59375,8,,,,,,,,,,,,,,Pillow resize + NCHW conversion + ONNX Runtime CPU + current YOLO decode/NMS semantics.,,,2,2.0,,,,,,,,"[1, 3, 416, 416]",,22.948400117456913,1,28.61996004357934,,,,,,,,0.32421875,108.59375,108.26953125,,,,,,,1.7720797616699682,,
onnx_full_pipeline,intra_threads_16,CPUExecutionProvider,282,35.179208439132836,282,28.40989184688037,27.89559995289892,32.90096999844536,34.38115105498582,37.670399993658066,8.016098499996588,124.0625,1547.6668606311764,70.34849366505347,109.47265625,16,,,,,,,,,,,,,,Pillow resize + NCHW conversion + ONNX Runtime CPU + current YOLO decode/NMS semantics.,,,2,2.0,,,,,,,,"[1, 3, 416, 416]",,23.723000194877386,1,31.761970091611147,,,,,,,,0.28125,109.47265625,109.19140625,,,,,,,2.355040443499295,,
onnx_full_pipeline,intra_threads_22,CPUExecutionProvider,121,15.01338542548442,121,66.4762677567095,64.65979991480708,105.10440007783473,127.13724002242087,128.262999933213,8.059474700130522,142.953125,1773.727573059878,80.62398059363082,111.69140625,22,,,,,,,,,,,,,,Pillow resize + NCHW conversion + ONNX Runtime CPU + current YOLO decode/NMS semantics.,,,2,2.0,,,,,,,,"[1, 3, 416, 416]",,28.537599835544825,1,94.98910000547767,,,,,,,,0.0703125,111.69140625,111.62109375,,,,,,,20.12031467480737,,
onnx_concurrent_sessions,1_sessions_x_intra_2,CPUExecutionProvider,273,34.04016510049763,273,29.011769968190745,28.509600088000298,33.77580000087619,36.361504057422266,39.609899977222085,8.019937600009143,15.703125,195.80108703067836,8.90004941048538,89.26953125,2,1,,,,,,,,,,,,,Each worker owns a CPUExecutionProvider session and reuses a precomputed blob.,,,,,,,,,,,,,,25.059999898076057,1,32.35667999833823,,,,,,,,-14.8515625,74.41796875,89.26953125,,,,,,,2.419990715658987,273,273
onnx_concurrent_sessions,2_sessions_x_intra_2,CPUExecutionProvider,453,56.38257115330408,453,34.94534592471079,34.677600022405386,39.24826001748443,41.31213599815966,43.940600007772446,8.034397700103,31.6875,394.39795218991674,17.927179644996215,103.1640625,2,2,,,,,,,,,,,,,Each worker owns a CPUExecutionProvider session and reuses a precomputed blob.,,,,,,,,,,,,,,29.52100010588765,1,37.88898000493646,,,,,,,,-27.68359375,75.48046875,103.1640625,,,,,,,2.28261497751479,227,226
onnx_concurrent_sessions,4_sessions_x_intra_2,CPUExecutionProvider,640,79.49346071348413,640,49.264220625627786,48.87009994126856,57.941104972269386,62.02385117299855,63.77450004220009,8.050976699916646,62.90625,781.3492989074392,35.51587722306542,139.05078125,2,4,,,,,,,,,,,,,Each worker owns a CPUExecutionProvider session and reuses a precomputed blob.,,,,,,,,,,,,,,34.19860010035336,1,55.858549824915826,,,,,,,,-64.26953125,74.78125,139.05078125,,,,,,,5.030809533793729,162,157
onnx_concurrent_sessions,8_sessions_x_intra_2,CPUExecutionProvider,722,89.10149729165938,722,87.15337258118652,85.08095017168671,113.11325007118285,129.01529993163422,145.3478999901563,8.103118600090966,120.890625,1491.9024509729238,67.81374777149654,261.25390625,2,8,,,,,,,,,,,,,Each worker owns a CPUExecutionProvider session and reuses a precomputed blob.,,,,,,,,,,,,,,56.9885999429971,1,106.5392798744142,,,,,,,,-184.37109375,76.8828125,261.25390625,,,,,,,14.389544642027156,95,87
frame_processing,400x400_default_0pct_loss,,2369,394.81053301230605,2369,2.529923557710734,2.3955998476594687,3.6745200399309397,4.529715953394774,10.27629990130663,6.0003465001937,5.921875,98.69221718793794,4.486009872178998,81.63671875,,,,,,,,400,400,0.0,120.48661285775941,,,,"Dependency-free NumPy surrogate of worker hot paths: line recovery, RGB565 expansion, tone/filter/flip.",50,0,,,,0,0,0,,,,,,1.5240998473018408,,3.3579000271856785,,,,,,,,-1.60546875,80.03125,81.63671875,,,,0,,,0.6340243198608008,,
frame_processing,400x400_default_1pct_loss,,2213,368.7850470822393,2213,2.708490736680707,2.72019999101758,3.9175599813461304,4.866284048184754,7.102499948814511,6.000785599928349,5.828125,97.12270006896412,4.414668184952915,80.51953125,,,,,,,,400,400,0.01,112.54426485664041,,,,"Dependency-free NumPy surrogate of worker hot paths: line recovery, RGB565 expansion, tone/filter/flip.",50,0,,,,0,0,0,,,,,,1.534199807792902,,3.504139930009842,,,,,,,,3.0078125,80.51953125,77.51171875,,,,0,,,0.6951304064568342,,
frame_processing,400x400_heavy_tuning_0pct_loss,,290,48.30458888307992,290,20.689005860737687,20.24995000101626,27.0134050399065,29.59782898426057,35.16279999166727,6.003570399945602,5.890625,98.11869616875609,4.4599407349434586,85.00390625,,,,,,,,400,400,0.0,14.74139065035398,,,,"Dependency-free NumPy surrogate of worker hot paths: line recovery, RGB565 expansion, tone/filter/flip.",64,45,,,,1,1,35,,,,,,12.570199789479375,,25.654550059698522,,,,,,,,-4.4453125,78.6875,83.1328125,,,,60,,,3.7295167223301573,,
frame_processing,400x400_heavy_tuning_5pct_loss,,322,53.5917507597322,322,18.64779348230649,17.525149858556688,26.458275073673576,33.80685391603041,43.94600004889071,6.008387399837375,5.84375,97.25987375844257,4.42090335265648,85.80859375,,,,,,,,400,400,0.05,16.354904406656555,,,,"Dependency-free NumPy surrogate of worker hot paths: line recovery, RGB565 expansion, tone/filter/flip.",64,45,,,,1,1,35,,,,,,13.27250013127923,,24.290870130062103,,,,,,,,-0.40625,85.40234375,85.80859375,,,,60,,,4.2877228446884565,,
frame_processing,800x800_projection_heavy_1pct_loss,,63,10.47314232463531,63,95.44176822676071,94.92689999751747,116.66355994530022,134.67475408688196,152.07089995965362,6.01538660004735,5.921875,98.44545984714243,4.474793629415565,89.19921875,,,,,,,,800,800,0.01,12.784597564252088,,,,"Dependency-free NumPy surrogate of worker hot paths: line recovery, RGB565 expansion, tone/filter/flip.",64,45,,,,1,1,35,,,,,,75.64409985207021,,112.96231993474069,,,,,,,,0.03515625,89.19921875,89.1640625,,,,60,,,13.298037252064837,,
udp_loopback_ingest,24000_pps_804_bytes_1_senders,,120960,,,,,,,,6.427876099944115,2.859375,44.48397815298369,2.021999006953804,88.15234375,,,24000,18818.035400690387,18818.035400690387,0.0,0.0,,,,,,,,Python localhost UDP sender/receiver with sequence headers; validates host/socket pressure independently of Qt UI.,,,,,0,,,,0,,0,,,,,,804,,,,,120960,121.03760369724056,0.0,88.15234375,88.15234375,121.03760369724056,1,120960,,16777216,16777216,,,
udp_loopback_ingest,48000_pps_804_bytes_2_senders,,201120,,,,,,,,6.373546800110489,4.859375,76.24286998121296,3.465584999146044,88.265625,,,48000,31555.42844629516,31555.42844629516,0.0,0.0,,,,,,,,Python localhost UDP sender/receiver with sequence headers; validates host/socket pressure independently of Qt UI.,,,,,0,,,,0,,0,,,,,,804,,,,,201120,202.96451576657046,-0.05859375,88.20703125,88.265625,202.96451576657046,2,201120,,16777216,16777216,,,
udp_loopback_ingest,96000_pps_804_bytes_4_senders,,277030,,,,,,,,6.4325310999993235,10.953125,170.2770624770264,7.739866476228472,88.43359375,,,96000,43067.02846722795,62420.21900213467,31.00468220761108,31.00468220761108,,,,,,,,Python localhost UDP sender/receiver with sequence headers; validates host/socket pressure independently of Qt UI.,,,,,0,,,,124490,,124490,,,,,,804,,,,,277030,277.0071271012102,-0.09765625,88.3359375,88.43359375,401.48684862173025,4,401520,,16777216,16777216,,,
udp_loopback_ingest,144000_pps_804_bytes_4_senders,,113486,,,,,,,,6.432701800018549,12.890625,200.39208097541268,9.10873095342785,88.4453125,,,144000,17642.042726070835,83050.63977914529,78.75748727163821,78.75524109014675,,,,,,,,Python localhost UDP sender/receiver with sequence headers; validates host/socket pressure independently of Qt UI.,,,,,0,,,,420742,,420754,,,,,,804,,,,,113486,113.4736188140876,-0.09765625,88.34765625,88.4453125,534.1817150594625,4,534240,,16777216,16777216,,,
udp_loopback_ingest,48000_pps_1300_bytes_2_senders,,200880,,,,,,,,6.423086200142279,4.375,68.1136740762266,3.0960760943739363,88.40625,,,48000,31274.685367845486,31274.685367845486,0.0,0.0,,,,,,,,Python localhost UDP sender/receiver with sequence headers; validates host/socket pressure independently of Qt UI.,,,,,0,,,,0,,0,,,,,,1300,,,,,200880,325.25672782559303,-0.05859375,88.34765625,88.40625,325.25672782559303,2,200880,,16777216,16777216,,,
udp_loopback_ingest,96000_pps_1300_bytes_4_senders,,277326,,,,,,,,6.448608499951661,10.953125,169.85253485433495,7.720569766106134,88.50390625,,,96000,43005.556935589884,62078.508875674626,30.723920863309353,30.722671862509994,,,,,,,,Python localhost UDP sender/receiver with sequence headers; validates host/socket pressure independently of Qt UI.,,,,,0,,,,122989,,122994,,,,,,1300,,,,,277326,447.25779213013476,-0.09375,88.41015625,88.50390625,645.6164923070162,4,400320,,16777216,16777216,,,
end_to_end_mailbox,producer_60fps_intra_4,CPUExecutionProvider,520,,520,28.443337691714987,28.235050034709275,31.236980017274618,33.3801420382224,38.66779990494251,15.03109040018171,70.875,471.52267808291003,21.432849003768638,108.9921875,4,,,,,,,,,,,48.49947545995646,34.59496191931051,209,"Simulates current latest-frame mailbox: frame reconstruction at fixed cadence, one CPU inference worker consumes newest frame.",,,,0.0,,,,,,520,,,208,24.5512998662889,,30.1845500478521,,729,19.08032180912619,23.012839863076806,60,,,14.9609375,108.9921875,94.03125,,,,,,,1.600202417982446,,
